joint1,joint2,d_joint1,d_joint2
0.0,1.0,0.0,0.0
0.010009842843179184,0.9999499002681359,0.05004921421589592,-0.000250498659320475
0.020018682705473478,0.9997996060925097,0.05004419931147147,-0.0007514708781308777
0.030025516706496138,0.9995491325325173,0.0500341700051133,-0.001252367799962073
0.04002934216684664,0.9991985046854751,0.05001912730175252,-0.001753139235211032
0.050029156708578625,0.9987477576841054,0.04999907270865991,-0.002253735006848556
0.06002395835563764,0.9981969366930158,0.049974008235295075,-0.0027541049554480335
0.07001274563425858,0.9975460969041745,0.04994393639310469,-0.003254198944206421
0.0799945176733128,0.996795303531379,0.04990886019527109,-0.0037539668639774426
0.08996827430459496,0.995944631803723,0.04986878315641083,-0.004253358638280358
0.09993301616303925,0.994994166958057,0.049823709292221435,-0.0047523242283298295
0.10988774478685526,0.993944004230449,0.049773643119080044,-0.0052508136380396975
0.11983146271757329,0.9927942488466414,0.049718589653590176,-0.005748776919038412
0.12976317359998926,0.9915450160115067,0.04965855441207985,-0.006246164175673363
0.13968188228199885,0.9901964308975052,0.04959354341004793,-0.006742925570007441
0.1495865949143112,0.9887486286321422,0.04952356316156176,-0.007239011326815037
0.1594763190500322,0.9872017542844281,0.04944862067860503,-0.007734371738570278
0.16935006374410702,0.9855559628503431,0.049368723470374076,-0.008228957170425266
0.17920683965261233,0.9838114192373063,0.049283879542526554,-0.008722718065183876
0.18904565913188803,0.9819682982476522,0.049194097396378506,-0.009215604948270562
0.19886553633749854,0.9800267845611155,0.04909938602805253,-0.009707568432683611
0.20866548732301404,0.9779870727163263,0.04899975492757752,-0.010198559223945636
0.21844453013860113,0.975849367091318,0.04889521407793543,-0.01068852812504184
0.22820168492941395,0.9736138818830473,0.04878577395406411,-0.0111774260413533
0.23793597403377498,0.9712808410859337,0.048671445521805135,-0.011665203985568029
0.24764642208113616,0.9688504784694136,0.048552240236805905,-0.012151813082600382
0.2573320560898106,0.9663230375545181,0.048428170043372104,-0.0126372045744777
0.26699190556446467,0.9636987715894713,0.04829924737327046,-0.013121329825234174
0.2766250025933614,0.9609779435243156,0.048165485144483766,-0.013604140325778058
0.2862303819453445,0.9581608259845641,0.048026896759915394,-0.014085587698757784
0.2958070811665539,0.9552477012438836,0.04788349610604703,-0.01456562370340253
0.30535414067686345,0.9522388611958106,0.047735297551547706,-0.015044200240365013
0.3148706038660299,0.9491346073245047,0.047582315945832176,-0.01552126935652931
0.3243555171895452,0.9459352506745389,0.04742456661757655,-0.015996783249829227
0.33380793026418076,0.9426411118197338,0.04726206537317784,-0.016470694274025588
0.34322689596321565,0.9392525208310362,0.047094828495174434,-0.016942954943487964
0.35261147051133784,0.9357698172434458,0.046922872740610966,-0.017413517937951983
0.36196071357921045,0.9321933500219945,0.04674621533936302,-0.01788233610725609
0.37127368837769165,0.92852347752678,0.046564873992406,-0.018349362476072772
0.380549461751701,0.9247605674770581,0.04637886687004683,-0.01881455024860923
0.38978710427372076,0.9209049969143981,0.046188212610098756,-0.0192778528133003
0.3989856903369241,0.9169571521649025,0.0459929303160167,-0.019739223747478052
0.4081442982479204,0.9129174288004982,0.045793039554981596,-0.020198616822021398
0.41726201031910853,0.9087862315992998,0.045588560355940555,-0.020655986005991833
0.42633791296062845,0.9045639745050515,0.04537951320759959,-0.021111285471241414
0.4353710967719027,0.90025108058565,0.04516591905637135,-0.021564469597007974
0.44436065663275764,0.895847981990753,0.044947799304274616,-0.022015492974484796
0.45330569179411606,0.8913551199084784,0.044725175806792083,-0.02246431041137309
0.46220530596825166,0.8867729445211975,0.044498070870677975,-0.02291087693640448
0.4710586074185969,0.8821019149604269,0.044266507251726206,-0.02335514780385295
0.4798647090490943,0.8773424992608235,0.044030508152486936,-0.02379707849801682
0.48862272849308275,0.8724951743132882,0.043790097219942314,-0.02423662473767685
0.49733178820171076,0.8675604258171812,0.04354529854314004,-0.024673742480534888
0.5059910155318659,0.8625387482316554,0.043296136650775585,-0.025108387927628706
0.5145995428336135,0.857430644726112,0.0430426365087383,-0.025540517527717355
0.5231565075371343,0.8522366271297828,0.04278482351760371,-0.025970087981646017
0.5316610522391539,0.8469572158804456,0.04252272351009834,-0.026397056246685868
0.540112324788854,0.8415929399722764,0.04225636274850009,-0.02682137954084618
0.5485094783732571,0.8361443369028444,0.041985767922015915,-0.027243015347159782
0.5568516716020775,0.8306119526192554,0.041710966144101747,-0.027661921417945212
0.565138068592027,0.8249963414634476,0.041431984949747425,-0.02807805577903888
0.5733678390505712,0.8192980661166473,0.04114885229272114,-0.02849137673400115
0.5815401583591235,0.8135176975429886,0.04086159654276167,-0.02890184286829356
0.5896542076556718,0.8076558149323027,0.04057024648274121,-0.029309413053429934
0.5977091739168279,0.8017130056420834,0.04027483130578047,-0.029714046451096432
0.605704250039292,0.7956898651386348,0.03997538061232042,-0.030115702517242715
0.6136386349207242,0.7895869969374053,0.039671924407161385,-0.030514341006147583
0.6215115335400144,0.7834050125425159,0.03936449309645096,-0.030909921974446863
0.629322157036943,0.7771445313854877,0.03905311748464313,-0.03130240578514132
0.6370697227912242,0.7708061807631752,0.03873782877140575,-0.03169175311156236
0.6447534545009241,0.7643905957749119,0.038418658548499685,-0.03207792494131667
0.6523725822602461,0.757898419258873,0.03809563879660971,-0.032460882580194195
0.6599263426366746,0.7513303017276638,0.0377688018821426,-0.03284058765604614
0.6674139787474708,0.7446869013031387,0.03743818055398085,-0.03321700212262524
0.6748347403355116,0.7379688836504577,0.03710380794020418,-0.03359008826340548
0.6821878838444656,0.7311769219113865,0.03676571754476998,-0.03395980869535575
0.6894726724932966,0.7243116966368495,0.03642394324415488,-0.03432612637268517
0.6966883763500883,0.7173738957187372,0.036078519283958554,-0.034689004590561234
0.7038342724051841,0.7103642143209813,0.035729480275479286,-0.035048406988779646
0.7109096446436313,0.7032833548098987,0.0353768611922356,-0.03540429755541308
0.717913784116926,0.6961320266838151,0.03502069736647351,-0.035756640630417724
0.724845989014049,0.6889109465019736,0.03466102448561492,-0.03610540090920766
0.7317055647317872,0.6816208378127362,0.034297878588691044,-0.036450543446187034
0.7384918239443322,0.6742624310810839,0.03393129606272527,-0.03679203365826167
0.7452040866721503,0.6668364636154251,0.03356131363909054,-0.03712983732829356
0.7518416803501158,0.6593436794937177,0.033187968389827294,-0.03746392060853698
0.7584039398949015,0.6517848294889124,0.032811297723928656,-0.03779425002402692
0.7648902077716204,0.644160670993726,0.03243133938359455,-0.03812079247593192
0.7712998340597097,0.6364719679447511,0.03204813144044638,-0.038443515244874216
0.7776321765180524,0.6287194907459103,0.03166171229171344,-0.03876238599420434
0.78388660064933,0.620904016191261,0.03127212065638818,-0.0390773727732463
0.790062479763599,0.6130263273871627,0.030879395571344892,-0.039388444020491686
0.7961591950410837,0.6050872136738089,0.030483576387423383,-0.03969556856676881
0.802176135594183,0.5970874705461361,0.030084702765496574,-0.0399987156383641
0.8081126985286801,0.5890278995741157,0.029682814672485347,-0.040297854860101845
0.8139682890041526,0.580909308322437,0.02927795237736286,-0.04059295625839343
0.8197423202935751,0.5727325102695897,0.028870156447112216,-0.040883990264236614
0.8254342138421088,0.5644983247263536,0.02845946774266861,-0.04117092771618036
0.8310433993250725,0.5562075767537044,0.028045927414818705,-0.04145373986324641
0.836569314705089,0.5478610970801429,0.027629576900082276,-0.04173239836780751
0.8420114062884005,0.5394597220184562,0.02721045791655774,-0.0420068753084335
0.8473691287803489,0.5310042933819203,0.026788612459741623,-0.042277143182679056
0.8526419453400135,0.5224956583999503,0.02636408279832303,-0.04254317490985038
0.8578293276340027,0.5139346696332082,0.025936911469945922,-0.04280494383371025
0.8629307558893927,0.5053221848881775,0.025507141276950307,-0.043062423725153676
0.8679457189458079,0.4966590671312109,0.02507481528207567,-0.04331558878483299
0.8728737143066395,0.487946184402062,0.024639976804158303,-0.043564413645744426
0.877714248189395,0.4791844097269078,0.024202669413777578,-0.04380887337577105
0.8824668355751754,0.470374621030872,0.023762936928901635,-0.04404894348017885
0.887131000257273,0.4615177010500575,0.023320823410488134,-0.04428459990407252
0.8917062748888882,0.4526145372430967,0.022876373158076113,-0.044515819034804116
0.8961922010299563,0.4436660217022285,0.022429630705340653,-0.04474257770434087
0.9005883291930838,0.4346730510639113,0.021980640815637553,-0.04496485319158611
0.9048942188885862,0.4256365264189803,0.021529448477511925,-0.04518262322465494
0.9091094386686253,0.41655735322235904,0.021076098900195128,-0.045395865983106354
0.9132335661704393,0.40743644120233274,0.02062063750907006,-0.045604560100131475
0.9172661881586643,0.3982747042693947,0.020163109941125357,-0.04580868466469018
0.9212069005667398,0.38907306042467227,0.019703562040377376,-0.0460082192236122
0.9250553085373958,0.37983243166794417,0.01924203985327999,-0.04620314378364049
0.9288110264622172,0.37055374390525636,0.018778589624107167,-0.04639343881343905
0.9324736780202824,0.3612379268561467,0.018313257790325554,-0.046579085245548324
0.936042896215869,0.35188591396048774,0.017846090977933216,-0.04676006447829478
0.9395183234152282,0.3424986422849564,0.017377135996796134,-0.04693635837765664
0.9428996113824184,0.3330770524291405,0.01690643983595086,-0.04710794927907963
0.9461864213141984,0.323622088431291,0.01643404965889994,-0.04727481998924754
0.9493784238739756,0.31413469767373,0.01596001279888626,-0.04743695378780499
0.9524752992248057,0.3046158307879237,0.015484376754150153,-0.04759433442903138
0.9554767370614389,0.2950664415592293,0.015007189183166014,-0.04774694614347208
0.9583824366414136,0.2854874868313264,0.014528497899873871,-0.04789477363951439
0.9611921068151904,0.2758799264103419,0.014048350868883785,-0.04803780210492242
0.9639054660553243,0.2662447229686777,0.013566796200669695,-0.04817601720832121
0.9665222424846749,0.2565828419485515,0.013083882146752712,-0.04830940510063081
0.9690421739036469,0.24689525146526026,0.012599657094859995,-0.04843795241645632
0.9714650078164637,0.23718292221017512,0.012114169564084176,-0.048561646275425696
0.9737905014564666,0.227446827353479,0.011627468200014479,-0.04868047428348066
0.9760184218104399,0.21768794244665535,0.01113960176986617,-0.0487944245341182
0.9781485456419587,0.20790724532473845,0.010650619157594465,-0.04890348560958449
0.9801806595137577,0.1981057160083348,0.010160569358994564,-0.04900764658201828
0.9821145598091165,0.18828433660542557,0.009669501476794462,-0.049106897014546125
0.9839500527522628,0.17844409121296007,0.00917746471573111,-0.04920122696232751
0.9856869544277879,0.16858596581824956,0.008684508377625466,-0.04929062697355255
0.9873250907990754,0.15871094820017193,0.008190681856437565,-0.04937508809038815
0.9888642977257392,0.14882002783019682,0.00769603463331936,-0.04945460184987552
0.990304420980071,0.13891419577324113,0.0072006162716586886,-0.04952916028477847
0.9916453162624927,0.1289944445883647,0.006704476412108806,-0.04959875592438212
0.9928868492160164,0.11906176822931658,0.00620766476761847,-0.04966338179524063
0.9940288954397057,0.10911716194494135,0.005710231118446485,-0.04972303142187613
0.9950713405011415,0.09916162217945569,0.005212225307179019,-0.0497776988274283
0.9960140799478878,0.08919614647260522,0.004713697233731384,-0.04982737853425234
0.9968570193179576,0.07922173335971157,0.004214696850348698,-0.04987206556446827
0.9976000741492778,0.06923938227161965,0.0037152741566010006,-0.049911755440459615
0.998243169988153,0.05925009343455523,0.0032154791943761474,-0.049946444185322084
0.998786242396725,0.04925486776990282,0.0027153620428599368,-0.04997612832326203
0.9992292369594296,0.039254706793913866,0.0022149728135228974,-0.05000080487994479
0.9995721092884493,0.02925061251735534,0.0017143616450987498,-0.05002047138279262
0.9998148250281604,0.01924358734510886,0.0012135786985556507,-0.050035125861232405
0.9999573598585764,0.009234633975730188,0.0007126741520796509,-0.050044766846893365
0.9999996994977832,-0.0007752446990205785,0.0002116981960342823,-0.05004939337375384
0.9999418397033719,-0.010785045694668245,-0.00028929897205653976,-0.05004900497823833
0.9997837862728629,-0.02079376603452102,-0.0007902671525450433,-0.050043601699263876
0.9995255550431251,-0.030800402850168246,-0.00129115614868891,-0.050033184078236134
0.9991671718887893,-0.04080395348196749,-0.0017919157716789202,-0.050017753158996224
0.9987086727196554,-0.05080341557950963,-0.0022924958456699285,-0.04999731048771071
0.9981501034770941,-0.060797787202055135,-0.002792846212806288,-0.049971858112727516
0.9974915201294441,-0.07078606691892712,-0.0032929167382500513,-0.04994139858435994
0.9967329886664036,-0.08076725390985441,-0.003792657315202508,-0.04990593495463644
0.9958745850924186,-0.09074034806525312,-0.004292017869925169,-0.04986547077699355
0.9949163954190665,-0.10070435008643717,-0.004790948366760195,-0.04982001010592027
0.993858515656439,-0.11065826158574746,-0.0052893988131375025,-0.04976955749655142
0.992701051803521,-0.12060108518658975,-0.005787319264590196,-0.04971411800421148
0.9914441198375697,-0.1305318246233713,-0.006284659829756123,-0.04965369718390768
0.9900878457024943,-0.1404494848413261,-0.006781370675377207,-0.04958830108977408
0.9886323652962354,-0.15035307209621893,-0.007277402031294344,-0.0495179362744641
0.9870778244571496,-0.16024159405391777,-0.00777270419542897,-0.04944260978849424
0.985424378949395,-0.17011405988982548,-0.008267227538772959,-0.049362329179538506
0.9836721944473249,-0.17996948038815955,-0.008760922510350766,-0.04927710249167036
0.9818214465188868,-0.1898068680410713,-0.00925373964219045,-0.04918693826455878
0.9798723206080306,-0.19962523714759337,-0.009745629554280821,-0.04909184553261031
0.9778250120161273,-0.20942360391240664,-0.010236542959516925,-0.048991833824066355
0.9756797258823998,-0.21920098654441583,-0.01072643066863721,-0.04888691316004598
0.9734366771633683,-0.22895640535512457,-0.011215243595157354,-0.04877709405354369
0.9710960906113117,-0.23868888285679957,-0.011702932760283002,-0.04866238750837498
0.9686582007517472,-0.2483974438604144,-0.012189449297822508,-0.048542805018074175
0.9661232518599314,-0.25808111557336294,-0.012674744459079124,-0.04841835856474269
0.9634914979363838,-0.2677389276969327,-0.013158769617738209,-0.04828906061784877
0.9607632026814362,-0.27736991252352794,-0.013641476274737774,-0.04815492413297623
0.9579386394688101,-0.28697310503363405,-0.014122816063130705,-0.04801596255053053
0.9550180913182246,-0.2965475429925113,-0.014602740752927557,-0.04787218979438623
0.9520018508670381,-0.3060922670466108,-0.015081202255932125,-0.047723620270497535
0.9488902203409265,-0.3156063208197008,-0.015558152630558153,-0.047570268865450016
0.9456835115235998,-0.32508875100869544,-0.016033544086633822,-0.0474121509449732
0.9423820457255616,-0.33453860747917497,-0.016507328990190695,-0.047249282352397615
0.9389861537519146,-0.3439549433605886,-0.016979459868234903,-0.04708167940706831
0.9354961758692134,-0.35333681514113086,-0.017449889413506114,-0.04690935890271114
0.9319124617713703,-0.36268328276228046,-0.017918570489215413,-0.046732338105748006
0.9282353705446159,-0.3719934097129941,-0.01838545613377207,-0.04655063475356824
0.9244652706315194,-0.38126626312354406,-0.01885049956548257,-0.046364267052749764
0.9206025397940701,-0.3905009138589914,-0.019313654187246287,-0.046173253677236625
0.9166475650758267,-0.3996964366122846,-0.019774873591217323,-0.045977613766466086
0.9126007427631349,-0.4088519099969751,-0.020234111563459112,-0.045777366923452634
0.9084624783454199,-0.41796641663953993,-0.020691322088574604,-0.04557253321282401
0.9042331864745576,-0.42703904327130077,-0.021146459354311475,-0.04536313315880419
0.8999132909233253,-0.43606888081993483,-0.021599477756161778,-0.04514918774317034
0.8955032245429405,-0.4450550245005621,-0.022050331901923848,-0.044930718403136394
0.8910034292196894,-0.4539965739064049,-0.02249897661625533,-0.044707747029213984
0.8864143558306506,-0.46289263309900774,-0.022945366945194,-0.04448029596301417
0.8817364641985166,-0.4717423106980103,-0.023389458160670284,-0.04424838799501285
0.8769702230455201,-0.48054471997046305,-0.023831205764982544,-0.04401204636226369
0.8721161099464688,-0.4892989789196772,-0.024270565495256302,-0.04377129474607083
0.8671746112808921,-0.4980042103736009,-0.024707493327883467,-0.04352615726961828
0.8621462221843063,-0.5066595420727107,-0.025141945482929362,-0.04327665849554907
0.8570314464986021,-0.515264106757412,-0.02557387842852088,-0.043022823423506384
0.8518307967215606,-0.5238170422549377,-0.02600324888520744,-0.04276467748762891
0.8465447939555004,-0.5323174915657378,-0.026430013830300858,-0.04250224655400037
0.8411739678550638,-0.5407646029493499,-0.026854130502182993,-0.04223555691806047
0.835718856574146,-0.5491575300097431,-0.027275556404589008,-0.041964635301965925
0.8301800067119719,-0.5574954317801271,-0.02769424931087061,-0.0416895088519198
0.8245579732583272,-0.5657774728072157,-0.02811016726822324,-0.041410205135443134
0.8188533195379493,-0.5740028232349395,-0.028523268601889917,-0.04112675213861883
0.8130666171540815,-0.5821706588875966,-0.028933511919339017,-0.040839178263285536
0.8071984459311994,-0.5902801613524349,-0.029340856114410396,-0.040547512324191626
0.8012493938569127,-0.5983305180616562,-0.029745260371433213,-0.04025178354610637
0.7952200570230491,-0.6063209223738354,-0.030146684169318205,-0.03995202156089617
0.7891110395659257,-0.6142505736547456,-0.030545087285617223,-0.03964825640455083
0.7829229536058158,-0.6221186773575808,-0.03094042980054945,-0.03934051851417597
0.776656419185614,-0.6299244451025694,-0.03133267210100876,-0.03902883872494323
0.7703120642087087,-0.6376670947559693,-0.031721774884526655,-0.0387132482669994
0.7638905243760662,-0.6453458505084376,-0.03210769916321243,-0.038393778762341735
0.7573924431225341,-0.6529599429527656,-0.03249040626766064,-0.0380704622216399
0.7508184715523694,-0.6605086091609738,-0.032869857850823525,-0.03774333104104077
0.7441692683739977,-0.6679910927607561,-0.033246015891858494,-0.037412417998911596
0.7374454998340119,-0.6754066440112685,-0.033618842699928986,-0.037077756252562044
0.730647839650414,-0.6827545198782524,-0.03398830091798921,-0.036739379334919664
0.7237769689451088,-0.6900339841084865,-0.03435435352652616,-0.036397321151170337
0.7168335761756565,-0.6972443073035587,-0.03471696384726164,-0.036051615975360995
0.7098183570662889,-0.7043847669929514,-0.03507609554683766,-0.03570229844696349
0.7027320145381988,-0.7114546477064331,-0.03543171264045075,-0.035349403567408455
0.6955752586391073,-0.7184532410457475,-0.03578377949545741,-0.034992966696572037
0.6883488064721175,-0.7253798457555953,-0.036132260834949026,-0.03463302354923925
0.6810533821238611,-0.7322337677938993,-0.036477121741281815,-0.03426961019151964
0.6736897165919457,-0.7390143204013464,-0.03681832765957738,-0.03390276303723572
0.6662585477117084,-0.7457208241702018,-0.03715584440118602,-0.03353251884427699
0.6587606200822861,-0.7523526071123844,-0.037489638147111815,-0.03315891471091292
0.6511966849920062,-0.7589090047267998,-0.037819675451399304,-0.032781988072076995
0.6435675003431085,-0.7653893600659228,-0.03814592324448862,-0.03240177669561528
0.6358738305758035,-0.7717930238016241,-0.03846834883652506,-0.03201831867850613
0.628116446591676,-0.7781193542902312,-0.03878691992063754,-0.03163165244303545
0.620296125676441,-0.7843677176368218,-0.03910160457617495,-0.03124181673295312
0.6124136514220605,-0.7905374877587393,-0.03941237127190245,-0.030848850609587752
0.6044698136482276,-0.7966280464483264,-0.03971918886916448,-0.03045279344793539
0.5964654083232273,-0.8026387834348685,-0.04002202662500176,-0.030053684932710434
0.5884012374841805,-0.8085690964457428,-0.04032085419523379,-0.02965156505437161
0.5802781091566808,-0.8144183912667661,-0.040615641637498645,-0.02924647410511627
0.5720968372738302,-0.8201860818017339,-0.0409063594142528,-0.0288384526748392
0.5638582415946842,-0.8258715901311479,-0.041192978395729885,-0.028427541647069732
0.5555631476221117,-0.8314743465701222,-0.04147546986286277,-0.028013782194871717
0.5472123865200802,-0.8369937897254665,-0.041753805510157393,-0.02759721577672125
0.5388067950303739,-0.8424293665519362,-0.042027957448531605,-0.027177884132348895
0.5303472153887524,-0.8477805324076487,-0.042297898208107365,-0.02675582927856246
0.5218344952405592,-0.8530467511086545,-0.04256360074096577,-0.026331093505028713
0.5132694875557879,-0.8582274949826642,-0.04282503842385654,-0.025903719370048428
0.5046530505436155,-0.8633222449219197,-0.04308218506086203,-0.02547374969627758
0.49598604756640985,-0.8683304904352093,-0.04333501488602842,-0.025041227566448
0.4872693470532213,-0.8732517296990183,-0.043583502565942844,-0.02460619631904526
0.47850382241276673,-0.8780854696078118,-0.043827623202272736,-0.024168699543967165
0.4696903519459145,-0.882831225823443,-0.04406735233426107,-0.023728781078156125
0.460829818757679,-0.8874885228236841,-0.04430266594117771,-0.023286485001205448
0.4519231106687339,-0.8920568939498732,-0.044533540444725295,-0.02284185563094565
0.4429711201264534,-0.8965358814536735,-0.044759952711402595,-0.022394937519001346
0.4339747441154891,-0.9009250365429389,-0.044981880054821566,-0.02194577544632703
0.4249348840678928,-0.9052239194266833,-0.045199300237981355,-0.021494414418722352
0.4158524457727935,-0.9094320993591473,-0.04541219147549652,-0.02104089966231959
0.4067283392856377,-0.913549154682958,-0.04562053243577918,-0.02058527661905396
0.3975634788370023,-0.9175746728713802,-0.04582430224317674,-0.020127590942110585
0.38835878274098956,-0.92150825056965,-0.04602348048006383,-0.01966788849134926
0.379115173303212,-0.9253494936353915,-0.04621804718888789,-0.019206215328707588
0.36983357672837813,-0.9290980171781096,-0.04640798287416925,-0.018742617713590204
0.36051492302748744,-0.9327534455977554,-0.046593268504453444,-0.01827714209822917
0.35116014592464334,-0.9363154126223616,-0.046773885514220515,-0.017809835123031026
0.3417701827634948,-0.9397835613447425,-0.0469498158057427,-0.017340743611904408
0.3323459744133151,-0.943157544258256,-0.04712104175089854,-0.0168699145675677
0.3228884651747269,-0.9464370232916235,-0.0472875461929409,-0.016397395166837248
0.3133986026850842,-0.9496216698428047,-0.047449312448213654,-0.015923232755906125
0.30387733782351917,-0.9527111648119229,-0.047606324307825076,-0.015447474845590725
0.2943256246156651,-0.9557051986332389,-0.04775856603927042,-0.014970169106580111
0.28474442013806306,-0.9586034713061695,-0.04790602238801012,-0.014491363364653176
0.2751346844222635,-0.9614056924253472,-0.048048678578997694,-0.014011105595888584
0.26549738035863185,-0.9641115812097186,-0.04818652031815834,-0.013529443921856954
0.255833473599867,-0.9667208665306786,-0.04831953379382414,-0.01304642660479971
0.2461439324642437,-0.9692332869392373,-0.04844770567811657,-0.01256210204279351
0.23642972783858748,-0.971648590692217,-0.04857102312828113,-0.01207651876489857
0.22669183308099244,-0.973966535777477,-0.048689473787975196,-0.011589725426300324
0.2169312239232911,-0.9761868899381629,-0.04880304578850678,-0.011101770803429445
0.20714887837328672,-0.9783094306959783,-0.048911727750021866,-0.01061270378907686
0.19734577661675742,-0.9803339453734777,-0.04901550878264646,-0.010122573387497114
0.1875229009192421,-0.9822602311153761,-0.04911437848757666,-0.00963142870949174
0.17768123552761786,-0.9840880949088752,-0.04920832695812116,-0.009139318967495424
0.1678217665714792,-0.9858173536030028,-0.04929734478069325,-0.008646293470638278
0.15794548196432814,-0.9874478339269656,-0.04938142303575532,-0.008152401619813676
0.14805337130458596,-0.9889793725075091,-0.049460553298710935,-0.007657692902717783
0.1381464257764359,-0.990411815885289,-0.04953472764075026,-0.00716221688889962
0.12822563805050705,-0.9917450205302472,-0.049603938629644295,-0.006666023224790596
0.11829200218440933,-0.992978852855993,-0.04966817933048859,-0.006169161628729047
0.10834651352312938,-0.994113189233189,-0.04972744330639975,-0.005671681885980329
0.0983901685992976,-0.9951479160019387,-0.049781724619158904,-0.005173633843748582
0.08842396503333602,-0.9960829294831748,-0.04983101782980788,-0.004675067406180178
0.07844890143349738,-0.9969181359890477,-0.04987531799919322,-0.004176032529364382
0.06846597729580502,-0.9976534518323135,-0.04991462068846181,-0.0036765792163290234
0.058476192903904,-0.998288803334719,-0.0499489219595051,-0.003176757512027839
0.048480549228833124,-0.9988241268343845,-0.049978218375354364,-0.0026766174983272606
0.03848004782872828,-0.9992593686921823,-0.050002507000524235,-0.002176209288989317
0.02847569074846675,-0.9995944852971117,-0.05002178540130764,-0.0016755830246467651
0.018468480419262932,-0.9998294430706686,-0.050036051646019084,-0.0011747888677843266
0.008459419558225233,-0.99996421847021,-0.0500453043051885,-0.0006738769977071568
-0.0015504889321156558,-0.9999987979913133,-0.05004954245170445,-0.000172897605516531
-0.01156024206429703,-0.9999331781691289,-0.050048765660906866,0.000328099110922242
-0.02156883686642299,-0.9997673655787278,-0.0500429740106298,0.0008290629520052439
-0.0315752704826617,-0.9995013768344427,-0.05003216808119354,0.001329943721425364
-0.04157854027373096,-0.9991352385882032,-0.050016348955346304,0.001830691231197723
-0.05157764391736219,-0.9986689875268651,-0.04999551821815617,0.0023312553066906494
-0.06157157950873254,-0.9981026703685347,-0.04996967795685172,0.0028315857916516585
-0.07155934566085564,-0.9974363438578876,-0.04993883076061554,0.0033316325532356528
-0.08153994160491836,-0.9966700747604829,-0.04990297972031356,0.003831345487023685
-0.09151236729055981,-0.9958039398560731,-0.04986212842820727,0.0043306745220489384
-0.10147562348607424,-0.9948380259309113,-0.04981628097757214,0.004829569625808827
-0.11142871187853388,-0.9937724297690547,-0.049765441962298235,0.005327980809283206
-0.12137063517381935,-0.9926072581426673,-0.04970961647642734,0.005825858131937034
-0.13130039719654807,-0.9913426278013211,-0.04964881011364358,0.006323151706730812
-0.14121700298989034,-0.9899786654602983,-0.04958302896671138,0.00681981170511381
-0.15111945891526374,-0.988515507787894,-0.04951227962686697,0.007315788362021736
-0.16100677275189493,-0.9869533013917222,-0.04943656918315595,0.007811031980858862
-0.17087795379623974,-0.9852922028040262,-0.04935590522172406,0.008305492938480152
-0.1807320129612512,-0.9835323784659934,-0.049270295825057236,0.008799121690163947
-0.19056796287548539,-0.981674004711079,-0.049179749571170994,0.009291868774571888
-0.20038481798203567,-0.9797172677473366,-0.04908427553275141,0.009783684818712168
-0.21018159463728486,-0.9776623636387606,-0.048983883276245976,0.010274520542880028
-0.21995731120946585,-0.9755094982856406,-0.048878582860904934,0.010764326765599908
-0.22971098817702051,-0.9732588874039305,-0.04876838483777332,0.0112530544085504
-0.23944164822674738,-0.9709107565036338,-0.04865330024863432,0.01174065450148365
-0.24914831635172768,-0.9684653408662075,-0.04853334062490153,0.012227078187131424
-0.2588300199490208,-0.9659228855209868,-0.04840851798646545,0.012712276726103422
-0.26848578891711816,-0.9632836452206343,-0.048278844840486945,0.013196201501762816
-0.2781146557531474,-0.9605478844156122,-0.0481443341801463,0.013678804025110125
-0.2877156556498152,-0.9577158772276865,-0.04800499948333897,0.014160035939628779
-0.29728782659208064,-0.9547879074224584,-0.04786085471132712,0.014639849026140128
-0.30683020945354866,-0.9517642683809324,-0.04771191430734012,0.015118195207630136
-0.31634184809257376,-0.9486452630701189,-0.0475581931951255,0.015595026554067748
-0.32582178944806517,-0.9454312040126773,-0.04739970677745703,0.016070295287207714
-0.3352690836349829,-0.9421224132556018,-0.04723647093458877,0.016543953785377874
-0.34468278403951574,-0.9387192223379516,-0.047068502022664105,0.017015954588250892
-0.35406194741393143,-0.9352219722576317,-0.046895816872078444,0.017486250401599346
-0.36340563397108966,-0.9316310134372248,-0.04671843278579113,0.01795479410203471
-0.3727129074786082,-0.9279467056888787,-0.04653636753759266,0.018421538741730248
-0.38198283535267274,-0.9241694181782543,-0.04634963937032277,0.01888643755312225
-0.3912144887514815,-0.9202995293875342,-0.04615826699404385,0.019349443953600165
-0.40040694266831467,-0.9163374270775002,-0.04596226958416577,0.019810511550170107
-0.4095592760242194,-0.9122835082486789,-0.045761666779523535,0.020269594144106673
-0.41867057176030154,-0.9081381791015628,-0.045556478680410795,0.020726645735580362
-0.4277399169296145,-0.9039018549959097,-0.045346725846564795,0.021181620528265555
-0.43676640278863593,-0.8995749604091229,-0.04513242929510719,0.021634472933934057
-0.4457491248883234,-0.8951579288937198,-0.044913610498437395,0.022085157577015346
-0.4546871831647397,-0.8906512030338893,-0.044690291382081526,0.02253362929915237
-0.4635796820292388,-0.886055234401146,-0.04446249432249555,0.022979843163716818
-0.47242573045820324,-0.8813704835090821,-0.044230242144822074,0.023423754460319413
-0.48122444208232434,-0.8765974197672245,-0.043993558120605514,0.023865318709287986
-0.4899749352754158,-0.8717365214340008,-0.04375246596545729,0.024304491666118366
-0.4986763332427524,-0.8667882755688169,-0.043506989836683,0.02474122932591971
-0.5073277641089241,-0.8617531779832551,-0.04325715433085853,0.02517548792780877
-0.5159283610051977,-0.8566317331913933,-0.043002984481367856,0.025607223959309144
-0.5244772621563762,-0.8514244543592531,-0.042744505755892837,0.026036394160701137
-0.532973610967149,-0.8461318632533809,-0.042481744053863846,0.026462955529361065
-0.5414165561079216,-0.8407544901885673,-0.042214725703862976,0.02688686532406781
-0.5498052516001186,-0.8352928739747097,-0.041943477460985035,0.027308081069287726
-0.5581388569009503,-0.8297475618628237,-0.04166802650415857,0.027726560559430125
-0.5664165369876345,-0.8241191094902093,-0.04138840043342085,0.028142261863072227
-0.5746374624410658,-0.8184080808247758,-0.04110462726715669,0.028555143327167465
-0.5828008095289223,-0.8126150481085326,-0.04081673543928244,0.028965163581216036
-0.5909057602882036,-0.8067405918002515,-0.04052475379640652,0.029372281541405476
-0.5989515026071901,-0.8007853005173041,-0.040228711594932354,0.029776456414736807
-0.6069372303068161,-0.7947497709766835,-0.03992863849813011,0.03017764770310294
-0.6148621432214486,-0.7886346079352128,-0.039624564573162435,0.03057581520735375
-0.6227254472790635,-0.7824404241289494,-0.03931652028807464,0.030970919031316768
-0.6305263545808111,-0.776167840211789,-0.0390045365087377,0.031362919585802285
-0.6382640834799631,-0.7698174846932763,-0.03868864449576015,0.031751777592563535
-0.6459378586602335,-0.7633899938756286,-0.03836887590135174,0.03213745408823854
-0.6535469112134642,-0.756886011789979,-0.03804526276615372,0.032519910428247534
-0.6610904787166701,-0.7503061901318446,-0.03771783751602975,0.03289910829067211
-0.6685678053084328,-0.7436511881958271,-0.037386632958813504,0.033275009680087675
-0.6759781417646376,-0.7369216728095515,-0.03705168228102351,0.03364757693137821
-0.6833207455735455,-0.7301183182668505,-0.03671301904453972,0.034016772713504895
-0.6905948810101925,-0.723241806260201,-0.036370677183235056,0.03438256003324758
-0.6977998192101088,-0.7162928258124184,-0.0360246909995815,0.03474490223891291
-0.7049348382423506,-0.7092720732076169,-0.035675095161208925,0.03510376302400753
-0.7119992231818371,-0.7021802519214426,-0.03532192469743234,0.035459106430871246
-0.7189922661809858,-0.6950180725505852,-0.034965214995743565,0.035810896854286955
-0.7259132665406384,-0.6877862527415768,-0.03460500179826298,0.03615909904504222
-0.7327615307802704,-0.6804855171188839,-0.034241321198160146,0.03650367811346422
-0.7395363727074774,-0.673116597212301,-0.033874209636035046,0.036844599532914746
-0.7462371134867317,-0.6656802313836507,-0.03350370389627155,0.0371818291432513
-0.7528630817074005,-0.6581771647528013,-0.033129841103343716,0.037515333154247155
-0.7594136134510215,-0.650608149123005,-0.0327526587181054,0.037845078148981415
-0.7658880523578266,-0.6429739429055699,-0.03237219453402551,0.03817103108717579
-0.7722857496925096,-0.6352753110438641,-0.03198848667341492,0.03849315930852859
-0.7786060644092284,-0.6275130249366722,-0.031601573583593945,0.03881143053595992
-0.7848483632158377,-0.6196878623608989,-0.031211494033046572,0.039125812878866295
-0.7910120206373449,-0.6118006073936383,-0.030818287107535758,0.039436274836303076
-0.7970964190785815,-0.6038520503336081,-0.030421992206183246,0.03974278530015085
-0.8031009488860867,-0.5958429876219633,-0.03002264903752605,0.04004531355822405
-0.8090250084091939,-0.5877742217624925,-0.02962029761553575,0.04034382929735403
-0.8148680040603158,-0.5796465612412077,-0.02921497825560948,0.04063830260642387
-0.8206293503744214,-0.5714608204453347,-0.028806731570528155,0.04092870397936488
-0.8263084700676998,-0.5632178195817114,-0.028395598466391947,0.04121500431811698
-0.8319047940954033,-0.5549183845946037,-0.02798162013851746,0.04149717493553806
-0.8374177617088655,-0.5465633470829467,-0.027564838067311026,0.04177518755828502
-0.8428468205116879,-0.5381535442170186,-0.02714529401411203,0.04204901432964092
-0.84819142651509,-0.5296898186545562,-0.026723030017010707,0.04231862781231166
-0.8534510441924164,-0.5211730184563225,-0.026298088386631502,0.04258400099116877
-0.8586251465327962,-0.5126039970011298,-0.025870511701899246,0.04284510727596336
-0.8637132150939499,-0.5039836129003326,-0.02544034280576868,0.0431019205039862
-0.8687147400541362,-0.4953127299117948,-0.025007624800931216,0.04335441494268871
-0.8736292202632362,-0.4865922168533422,-0.02457240104550007,0.043602565292263085
-0.8784561632929684,-0.47782294751570653,-0.024134715148660946,0.04384634668817833
-0.8831950854862299,-0.4690058005749727,-0.02369461096630776,0.04408573470366911
-0.8878455120055583,-0.4601416595045358,-0.023252132596641717,0.04432070535218463
-0.89240697688071,-0.4512314124865775,-0.02280732437575872,0.04455123508979142
-0.896879023055351,-0.4422759523230707,-0.022360230873205156,0.04477730081753395
-0.9012612024328527,-0.4332761763463212,-0.021910896887508136,0.04499887988374751
-0.9055530759211916,-0.4242329863290556,-0.021459367441694632,0.04521595008632806
-0.9097542134769456,-0.41514728839406395,-0.0210056877787701,0.04542848967495822
-0.9138641941483847,-0.40601999292340696,-0.02054990335719542,0.045636477353284965
-0.9178826061176496,-0.3968520144671961,-0.02009205984632445,0.04583989228105434
-0.9218090467420161,-0.38764427165195614,-0.01963220312183267,0.04603871407619975
-0.9256431225942391,-0.37839768708857935,-0.019170379261114756,0.04623292281688396
-0.9293844495019744,-0.3691131872798802,-0.018706634538676603,0.046422499043495824
-0.9330326525862722,-0.3597917025277606,-0.018241015421489037,0.0466074237605979
-0.93658736629914,-0.35043416683999384,-0.01777356856433876,0.0467876784388338
-0.9400482344601698,-0.3410415178366376,-0.01730434080514931,0.046963245016781174
-0.943414910292228,-0.3316146966560851,-0.01683337916029093,0.04713410590276246
-0.9466870564562017,-0.32215464786076325,-0.01636073081986822,0.04730024397660931
-0.9498643450848,-0.31266231934248817,-0.015886443142991702,0.04746164259137542
-0.9529464578154061,-0.3031386622274869,-0.015410563653030507,0.04761828557500625
-0.9559330858219774,-0.2935846307810952,-0.014933140032856729,0.0477701572319586
-0.9588239298459892,-0.28400118231214033,-0.014454220120058703,0.04791724234477435
-0.9616187002264206,-0.27438927707701954,-0.013973851902157053,0.04805952617560394
-0.9643171169287782,-0.2647498781834829,-0.013492083511787989,0.048196994467683274
-0.9669189095731556,-0.25508395149413016,-0.01300896322188716,0.048329633446763665
-0.969423817461325,-0.24539246552963195,-0.01252453944084686,0.048457429822491016
-0.9718315896028593,-0.23567639137168478,-0.012038860707671573,0.04858037078973587
-0.9741419847402814,-0.22593670256570872,-0.011551975687110194,0.0486984440298803
-0.9763547713732371,-0.21617437502329903,-0.011063933164778827,0.04881163771204844
-0.9784697277816927,-0.20639038692444023,-0.01057478204227802,0.04891994049429402
-0.9804866420481503,-0.19658571861949292,-0.010084571332287795,0.04902334152473653
-0.9824053120788818,-0.1867613525309633,-0.009593350153657698,0.049121830442648146
-0.9842255456241793,-0.1769182730550649,-0.009101167726487391,0.049215397379491904
-0.9859471602976175,-0.16705746646308267,-0.00860807336719116,0.049304032959911204
-0.9875699835943296,-0.157179920802549,-0.008114116483560196,0.049387728302668354
-0.9890938529082913,-0.1472866257982421,-0.0076193465698087826,0.04946647502153456
-0.9905186155486146,-0.13737857275301585,-0.007123813201616591,0.0495402652261312
-0.9918441287548472,-0.127456754448472,-0.006627566031162657,0.049609091522719306
-0.9930702597112765,-0.11752216504548385,-0.006130654782146583,0.04967294701494068
-0.9941968855602381,-0.10757579998458197,-0.005633129244808077,0.0497318253045094
-0.9952238934144263,-0.09761865588621149,-0.005135039270940944,0.0497857204918524
-0.9961511803682048,-0.08765173045087134,-0.004636434768892639,0.04983462717670077
-0.9969786535079181,-0.07767602235914516,-0.004137365698566597,0.04987854045863091
-0.9977062299212015,-0.06769253117163404,-0.0036378820664167977,0.049917455937555574
-0.9983338367052883,-0.05770225722880111,-0.0031380339204339913,0.04995136971416465
-0.9988614109743155,-0.04770620155073795,-0.0026378713451358227,0.04998027839031579
-0.9992888998656242,-0.037705365736862895,-0.0021374444565436246,0.050004179069375286
-0.9996162605450567,-0.02770075186556132,-0.001636803397162545,0.050023069356507875
-0.9998434602112485,-0.01769336239377795,-0.0011359983309588984,0.05003694735891685
-0.9999704760989149,-0.007684200056571172,-0.0006350794383319647,0.050045811686033885
-0.9999972954811321,0.0023257322333604547,-0.00013409691108634547,0.05004966144965813
-0.9999239156706125,0.012335431486169522,0.00036689905259845723,0.05004849626404534
-0.9997503440199734,0.02234389473535882,0.0008678582531951307,0.05004231624594648
-0.9994765979210014,0.03235011913827803,0.001368730494860082,0.050031122014596065
-0.9991027048029089,0.04235310207660804,0.0018694655904627488,0.05001491469165006
-0.9986287021295855,0.052351841256822754,0.0023700133666165746,0.049993695901073554
-0.9980546373958451,0.06234533481061834,0.0028703236687022127,0.049967467768977925
-0.9973805681226662,0.07233258139529994,0.0033703463658946164,0.049936232923408
-0.9966065618514283,0.08231258029411564,0.003870031356189574,0.04989999449407853
-0.9957326961371449,0.09228433151652779,0.0043693285714169194,0.049858756112060726
-0.9947590585406917,0.10224683589841146,0.004868187982265959,0.04981252190941837
-0.993685746620034,0.1121990952021702,0.00536655960328869,0.04976129651879366
-0.9925128679204505,0.12214011221675888,0.005864393497917453,0.04970508507294344
-0.9912405399637579,0.13206889085760373,0.006361639783462603,0.04964389320422424
-0.9898688902365352,0.14198443626640947,0.0068582486361135064,0.049577727044028685
-0.9883980561773497,0.15188575491084352,0.0073541702959278865,0.04950659322217027
-0.9868281851629849,0.16177185468408758,0.007849355071823938,0.04943049886622031
-0.9851594344936749,0.17164174500424595,0.008343753346549687,0.04934945160079182
-0.9833919713773418,0.1814944369136015,0.008837315581665672,0.0492634595467778
-0.981525972912842,0.19132894317770865,0.009329992322498759,0.04917253132053573
-0.979561626072221,0.2011442783843137,0.009821734203105392,0.049076676033025235
-0.9774991276819787,0.2109394590420926,0.010312491951211533,0.04897590328889451
-0.9753386844033478,0.22071350367919637,0.010802216393154263,0.04887022318551884
-0.9730805127115864,0.2304654329415939,0.011290858458807285,0.0487596463119877
-0.9707248388742866,0.24019426969120278,0.01177836918649866,0.04864418374804433
-0.968271898928704,0.249899039103798,0.012264699727912998,0.04852384706297605
-0.9657219386581056,0.2595787687666888,0.012749801352991974,0.04839864831445398
-0.963075213567143,0.2692324887761539,0.013233625454813214,0.04826860004732564
-0.960331988856251,0.27885923183462547,0.013716123554459725,0.04813371529235777
-0.9574925393950745,0.28845803334761144,0.014197247305882676,0.047994007564929886
-0.9545571496949268,0.29802793152034796,0.01467694850073864,0.047849490863682564
-0.9515261138802816,0.30756796745417003,0.015155179073225722,0.04770017966911039
-0.9483997356593021,0.3170771852425932,0.01563189110489749,0.04754608894211587
-0.9451783282934096,0.3265546320670946,0.016107036829462462,0.04738723412250706
-0.9418622145658946,0.3359993582925849,0.016580568637575288,0.04722363112745154
-0.938451726749574,0.34541041756256124,0.01705243908160292,0.04705529634988159
-0.9349472065734983,0.35478686689393163,0.017522600880378603,0.04688224665685192
-0.9313490051887097,0.36412776677150144,0.017991006923943065,0.04670449938784904
-0.9276574831330572,0.37343218124211214,0.018457610278262426,0.0465220723530535
-0.9238730102950713,0.3826991780084235,0.01892236418992943,0.046334983831556875
-0.9199959658769008,0.3919278285223292,0.019385222090852472,0.0461432525695285
-0.9160267383563173,0.4011172080779968,0.019846137602917424,0.045946897778337825
-0.9119657254477898,0.4102663959045227,0.020305064542637807,0.04574593913262953
-0.9078133340626338,0.41937447525819327,0.02076195692577998,0.04554039676835292
-0.9035699802682392,0.4284405335143417,0.021216768971972777,0.04533029128074212
-0.8992360892463809,0.43746366225879246,0.021669455109291635,0.04511564372225385
-0.894812095250615,0.44644295737888434,0.022119969978829368,0.044896475600459396
-0.8902984415627674,0.45537751915406155,0.022568268439238093,0.04467280887588604
-0.885695580448517,0.4642664523460256,0.023014305571251725,0.04444466595982022
-0.8810039731120792,0.47310886628843757,0.023458036682189043,0.044212069712059876
-0.8762240896499932,0.4819038749761623,0.023899417310430104,0.043975043438623795
-0.8713564090040183,0.4906505971540459,0.02433840322987435,0.04373361088941791
-0.8664014189131451,0.49934815640521674,0.02477495045436595,0.04348779625585414
-0.8613596158647234,0.507995681238902,0.025209015242108612,0.043237624168426525
-0.8562315050447148,0.5165923051777509,0.025640554100043178,0.04298311969424429
-0.8510176002870735,0.5251371668446547,0.026069523788206372,0.04272430833451912
-0.8457184240222602,0.5336294100490571,0.026495881324066772,0.042461216022011694
-0.8403345072248946,0.5420681838727427,0.026919583986828033,0.04219386911842815
-0.8348663893605527,0.5504526427551003,0.027340589321709352,0.041922294411788075
-0.8293146183317122,0.5587819465778459,0.02775885514420262,0.04164651911372774
-0.8236797504228527,0.5670552607492034,0.028174339544297378,0.041366570856787854
-0.8179623502447171,0.5752717562875295,0.028587000890678005,0.041082477691630204
-0.812162990677737,0.5834306099043776,0.02899679783490039,0.04079426808424047
-0.8062822528146311,0.5915310040869906,0.029403689315529724,0.040501970913064955
-0.8003207259021795,0.5995721271802155,0.029807634562257768,0.040205615466124556
-0.7942790072821819,0.6075531734678304,0.030208593099987913,0.039905231438074895
-0.788157702331604,0.6154733432532775,0.03060652475288972,0.039600848927235366
-0.7819574244019192,0.6233318429397915,0.031001389648424027,0.03929249843256988
-0.7756787947576509,0.6311278851099182,0.03139314822134143,0.038980210850633745
-0.7693224425141225,0.6388606886044129,0.03178176121764187,0.03866401747247339
-0.7628890045744201,0.6465294786005125,0.032167189698512066,0.03834394998049773
-0.7563791255655751,0.6541334866895716,0.03254939504422516,0.03802004044529572
-0.7497934577739731,0.6616719509540578,0.03292833895800984,0.037692321322431166
-0.7431326610799953,0.6691441160438945,0.03330398346988894,0.037360825449183066
-0.7363974028918983,0.6765492332521464,0.0336762909404853,0.03702558604125994
-0.7295883580789406,0.6838865605900408,0.03404522406478816,0.03668663668947192
-0.722706208903761,0.6911553628613131,0.034410745875897986,0.03634401135636123
-0.7157516449540161,0.6983549117358737,0.03477281974872459,0.03599774437280323
-0.7087253630732843,0.7054844858227864,0.03513140940365922,0.03564787043456363
-0.7016280672912418,0.7125433707425511,0.03548647891021217,0.03529442459882348
-0.6944604687531201,0.7195308591986842,0.03583799269060883,0.03493744228066531
-0.6872232856484488,0.7264462510485896,0.03618591552335626,0.034576959249527084
-0.679917243139094,0.7332888533737126,0.03653021254677424,0.034213011625615075
-0.6725430732865969,0.7400579805489697,0.036870849262485295,0.033845635876285085
-0.6651015149788224,0.7467529543114477,0.03720779153887244,0.03347486881239037
-0.6575933138559222,0.7533731038283664,0.03754100561450091,0.03310074758459347
-0.6500192222356224,0.7599177657642942,0.03787045810149936,0.03272330967963866
-0.6423799990378414,0.7663862843476147,0.03819611598890493,0.032342592916602686
-0.634676409708647,0.7727780114362349,0.038517946645971746,0.03195863544310118
-0.6269092261435589,0.7790923065825283,0.03883591782544049,0.03157147573146668
-0.6190792266102049,0.7853285370975072,0.0391499976667703,0.03118115257489451
-0.6111871956703392,0.7914860781142183,0.0394601546993284,0.030787705083555883
-0.6032339241012297,0.7975643126503541,0.039766357845547606,0.030391172680678813
-0.5952202088164227,0.8035626316700735,0.04006857642403494,0.029991595098596835
-0.5871468527858918,0.8094804341450275,0.04036678015265416,0.029589012374769963
-0.5790146649555823,0.8153171271145816,0.04066093915154778,0.02918346484777068
-0.5708244601663532,0.8210721257452304,0.04095102394614525,0.028774993153243833
-0.5625770590723327,0.8267448533891972,0.04123700547010278,0.028363638219834342
-0.5542732880586871,0.8323347416422143,0.04151885506822772,0.027949441265085473
-0.5459139791588192,0.8378412304004764,0.04179654449933956,0.02753244379131048
-0.5374999699709978,0.843263767916763,0.042070045939107126,0.027112687581433148
-0.5290321035744314,0.848601810855723,0.04233933198283191,0.026690214694799486
-0.5205112284447917,0.8538548243483162,0.042604375648198634,0.026265067462966085
-0.5119381983691974,0.8590222820454079,0.04286515037797145,0.02583728848545852
-0.5033138723606644,0.864103666170508,0.043121630042665116,0.025406920625500873
-0.49463911457203386,0.8690984675716523,0.043373788943152636,0.024974007005721388
-0.48591479420938416,0.8740061857724187,0.04362160181324848,0.024538591003832044
-0.47714178544493707,0.8788263290220757,0.04386504382223544,0.024100716248284804
-0.46832096732946604,0.8835584143448543,0.04410409057735515,0.023660426613892893
-0.45945322370421593,0.8882019675883429,0.044338718126250565,0.023217766217443203
-0.4505394431123424,0.8927565234709968,0.04456890295936766,0.022772779413269273
-0.4415805187098806,0.897221625628759,0.044794622012309104,0.022325510788810954
-0.43257734817625115,0.9015968266607877,0.045015852668147116,0.02187600516014354
-0.4235308336243135,0.9058816881742858,0.04523257275968834,0.021424307567490808
-0.41444188150997424,0.9100757808284278,0.04544476057169622,0.020970463270709727
-0.40531140254136117,0.9141786843773785,0.04565239484306538,0.020514517744753547
-0.3961403115875705,0.9181899877124029,0.04585545476895325,0.020056516675122094
-0.3869295275869976,0.9221092889030578,0.04605392000286451,0.019596505953274335
-0.3776799734552599,0.9259361952374657,0.046247770658688625,0.019134531672039823
-0.368392575992721,0.9296703232616642,0.046436987312694356,0.0186706401209924
-0.3590682657916262,0.9333112988180279,0.04662155100547405,0.01820487778181834
-0.34970797714285723,0.9368587570827583,0.04680144324384489,0.017737291323652316
-0.340312647942317,0.94031234260244,0.04697664600270102,0.01726792759840834
-0.33088321959695305,0.9436717093296559,0.047147141726819886,0.016796833636079644
-0.32142063693042877,0.9469365206576613,0.04731291333262139,0.016324056640026896
-0.31192584808845286,0.9501064494541122,0.04747394420987955,0.01584964398225419
-0.3023998044437755,0.953181178093843,0.047630218223386755,0.015373643198653975
-0.29284346050086135,0.9561603984906928,0.04778171971457079,0.014896101984249177
-0.2832577738002487,0.9590438121283756,0.047928433503063306,0.014417068188414262
-0.27364370482260436,0.9618311300903913,0.04807034488822165,0.013936589810078504
-0.2640022168924842,0.9645220730889749,0.04820743965060076,0.013454714992917616
-0.2543342760818083,0.9671163714930807,0.048339704053379506,0.012971492020529274
-0.24464085111306133,0.9696137653554001,0.04846712484373489,0.012486969311596985
-0.23492291326222678,0.9720140044384074,0.04858968925417276,0.012001195415036192
-0.22518143626146586,0.9743168482394335,0.04870738500380459,0.011514219005130943
-0.21541739620154998,0.9765220660147647,0.0488202002995794,0.011026088876655571
-0.20563177143405698,0.9786294368027623,0.04892812383746503,0.010536853939988045
-0.1958255424733408,0.9806387494460036,0.04903114480358087,0.010046563216206672
-0.18599969189828447,0.9825498026124392,0.049129252875281665,0.009555265832177917
-0.17615520425384631,0.9843624048155667,0.04922243822219077,0.009063011015637557
-0.16629306595240897,0.9860763744336175,0.0493106915071867,0.008569848090254073
-0.15641426517494147,0.9876915397277548,0.0493940038873375,0.008075826470686498
-0.146519791771984,0.9892077388592825,0.04947236701478744,0.0075809956576383675
-0.13661063716446536,0.9906248199058606,0.04954577303759311,0.007085405232890585
-0.1266877942443633,0.9919426408767282,0.049614214600510326,0.006589104854338168
-0.11675225727521701,0.9931610697269309,0.04967768484573143,0.006092144251013121
-0.1068050217925027,0.994279984370551,0.04973617741357156,0.00559457321810064
-0.09684708450388128,0.9952992726929414,0.04978968644310709,0.005096441611951996
-0.08687944318932893,0.9962188325619589,0.04983820657276178,0.004597799345087417
-0.07690309660116,0.9970385718381976,0.049881732940844636,0.004098696381193423
-0.06691904436395259,0.9977584083842217,0.04992026118603707,0.00359918273012072
-0.05692828687438669,0.9983782700727953,0.04995378744782949,0.0030993084428682094
-0.04693182520100502,0.9988980947941097,0.04998230836690834,0.002599123606571996
-0.03693066098390641,0.9993178304620066,0.05000582108549305,0.0020986783394844055
-0.026925796334382093,0.999637435019197,0.05002432324762159,0.0015980227859518914
-0.016918233734504608,0.9998568764414758,0.05003781299938743,0.0010972071113940496
-0.006908975936679697,0.9999761327409301,0.050046288989124554,0.0005962814972715336
0.0031009741368289816,0.9999951919681428,0.05004975036754339,9.529613606340526e-05
0.013110613494392114,0.9999140522133894,0.05004819678781566,-0.00040569877376717134
0.02311893917551396,0.9997327216068297,0.050041628405609224,-0.0009066530327983546
0.033124948351328454,0.9994512183176935,0.05003004587907248,-0.0014075164456811562
0.04312763842508212,0.9990695705524593,0.05001345036876832,-0.0019082388261709715
0.05312600713259372,0.9985878165520284,0.04999184353755799,-0.0024087700021541147
0.06311905264268061,0.9980060045878935,0.04996522755043448,-0.0029090598206749085
0.07310577365754167,0.9973241929573012,0.049933605074305304,-0.0034090581529611086
0.0830851695130868,0.9965424499774115,0.049896979277725614,-0.003908714899448773
0.09305624027920295,0.9956608539784515,0.049855353830580776,-0.004407979994799915
0.10301798685994655,0.9946794932958676,0.049808732903718,-0.0049068034129196025
0.11296941109365241,0.993598466261474,0.0497571211685293,-0.005405135171968056
0.122909515852949,0.9924178811935996,0.049700523796482945,-0.005902925339371645
0.1328373051446709,0.9911378563862353,0.049638946458609515,-0.006400124036821664
0.14275178420965332,0.9897585200971803,0.04957239532491206,-0.006896681445274777
0.15265195962241165,0.9882800105351912,0.04950087706379169,-0.007392547809945693
0.16253683939067876,0.986702475846133,0.04942439884133551,-0.007887673445290955
0.17240543305480283,0.9850260740981357,0.04934296832062035,-0.008382008739986624
0.182256751786991,0.9832509732657554,0.049256593660940845,-0.008875504161901526
0.1920898084903892,0.9813773512131435,0.04916528351699104,-0.009368110263059393
0.20190361789798902,0.979405395676225,0.04906904703799911,-0.009859777684592674
0.21169719667135067,0.9773353042438871,0.04896789386680825,-0.010350457161689142
0.22146956349913308,0.9751672843381813,0.048861834138912014,-0.010840099528529046
0.23121973919542071,0.9729015531935395,0.04875087848143819,-0.011328655723208958
0.2409467467978376,0.9705383378350073,0.04863503801208438,-0.011816076792661168
0.25064961166543825,0.9680778750554963,0.04851432433800332,-0.012302313897555317
0.2603273615763663,0.9655204113920575,0.04838874955464034,-0.01278731831719393
0.26997902682527064,0.9628662031011784,0.04825832624452159,-0.013271041454395172
0.27960364032046925,0.9601155161331066,0.04812306747599304,-0.013753434840358958
0.2892002376808512,0.957268626105201,0.047982986801909655,-0.014234450139528065
0.29876785733250744,0.9543258182743158,0.04783809825828128,-0.014714039154425929
0.30830554060507975,0.9512873875082175,0.047688416362861585,-0.015192153830491661
0.31781233182781893,0.9481536382560394,0.047533956113695874,-0.015668746260890654
0.3272872784253428,0.9449248845177759,0.04737473298761924,-0.016143768691317395
0.3367294310130833,0.9416014498128203,0.04721076293870252,-0.016617173524777762
0.3461378434924148,0.9381836671475478,0.04704206239665748,-0.017088913326362976
0.35551157314545223,0.9346718789819483,0.046868648265187274,-0.01755894082799747
0.36484968072951135,0.9310664371953129,0.046690537920295594,-0.018027208933176775
0.37415123057121996,0.9273677030509753,0.04650774920854306,-0.01849367072168817
0.383415290660272,0.9235760471601129,0.04632030044526031,-0.018958279454311944
0.3926409327428147,0.9196918494446129,0.046128210412713366,-0.019420988577499854
0.4018272324144588,0.9157154990990032,0.04593149835822041,-0.019881751728048624
0.4109732692129035,0.9116473945514562,0.045730183992223616,-0.020340522737735123
0.4200781267101665,0.9074879434238657,0.045524287486314874,-0.020797255637952095
0.4291408926044091,0.9032375624910044,0.045313829471212985,-0.02125190466430671
0.43816065881134886,0.8988966776387622,0.045098831034698916,-0.021704424261210775
0.44713652155524886,0.8944657238214735,0.04487931371949999,-0.02215476908644376
0.45606758145947573,0.8899451450183345,0.044655299521134395,-0.022602894015694708
0.46495294363661654,0.8853353941889172,0.04442681088570405,-0.02304875414708696
0.47379171777814605,0.8806369332277824,0.04419387070764752,-0.02349230480567399
0.4825830182436353,0.8758502329181989,0.0439565023274463,-0.023933501547917513
0.49132596414949214,0.8709757728849706,0.04371472952928418,-0.024372300166141114
0.5000196794572255,0.8660140415463791,0.04346857653866665,-0.024808656692957842
0.5086632930612236,0.8609655360652433,0.04321806801999062,-0.025242527405678894
0.5172559388760387,0.8558307622991054,0.04296322907407557,-0.02567386883068956
0.5257967559231681,0.8506102347495428,0.04270408523564695,-0.026102637747812962
0.534284888417324,0.8453044765106167,0.0424406624707796,-0.026528791194630474
0.5427194858521823,0.8399140192164569,0.04217298717429152,-0.026952286470798836
0.5510997030856034,0.8344394029879939,0.04190108616710542,-0.02737308114231507
0.5594247004243145,0.8288811763788377,0.0416249866935553,-0.027791133045780847
0.5676936437080468,0.8232398963203139,0.04134471641866144,-0.028206400292619116
0.5759057043931175,0.8175161280656592,0.04106030342535372,-0.02861884127327352
0.5840600596354499,0.811710445133383,0.04077177621166217,-0.029028414661381174
0.5921558923730218,0.8058234292498018,0.04047916368785931,-0.029435079417906018
0.6001923914077344,0.79985567029075,0.04018249517356298,-0.02983879479525886
0.6081687514866941,0.7938077662224751,0.039881800394798717,-0.03023952034137467
0.6160841733828986,0.7876803230417214,0.03957710948102211,-0.030637215903768222
0.6239378639753186,0.7814739547150096,0.03926845296210013,-0.03103184163355921
0.6317290363283685,0.7751892831171177,0.03895586176524968,-0.03142335798945961
0.6394569097707568,0.7688269379687696,0.03863936721194117,-0.031811725741740515
0.6471207099737086,0.7623875567735371,0.03831900101475938,-0.032196905976162316
0.6547196690285537,0.7558717847539629,0.037994795274225446,-0.03257886009787103
0.6622530255236697,0.7492802747869088,0.037666782475579974,-0.03295754983527022
0.6697200246207758,0.7426136873381392,0.03733499548553065,-0.03333293724384845
0.6771199181305668,0.7358726903961408,0.03699946754895489,-0.033704984709991836
0.6844519645876814,0.7290579594051925,0.036660232285573024,-0.03407365495474157
0.6917154293249966,0.722170177197685,0.03631732368657603,-0.0344389110375376
0.6989095845472408,0.7152100339257016,0.035970776111221014,-0.03480071635991677
0.7060337094039189,0.7081782269918658,0.03562062428339008,-0.0351590346691788
0.7130870900615405,0.7010754609794615,0.03526690328810811,-0.03551383006202169
0.7200690197751465,0.6939024475818338,0.03490964856803003,-0.035865066988138294
0.7269787989591237,0.6866599055310789,0.03454889591988586,-0.036212710253774594
0.7338157352573031,0.6793485605260259,0.034184681490897484,-0.03655672502526519
0.7405791436123347,0.6719691451595237,0.03381704177515765,-0.03689707683251109
0.7472683463343278,0.6645223988450345,0.033446013609965686,-0.037233731572445805
0.7538826731687571,0.6570090677425456,0.033071634172146536,-0.037566655512444314
0.7604214613636209,0.6494299046838043,0.03269394097431877,-0.03789581529370645
0.7668840557358485,0.6417856690968847,0.03231297186113813,-0.038221177934598116
0.7732698087369497,0.634077126930093,0.03192876500550612,-0.03854271083395866
0.7795780805178981,0.6263050505752206,0.03154135890474197,-0.03886038177436213
0.7858082389932444,0.6184702187901501,0.03115079237673124,-0.039174158925352476
0.7919596599044503,0.610573416620825,0.030757104556029535,-0.03948401084662545
0.7980317268824393,0.6026154353225878,0.03036033488994505,-0.03978990649118608
0.8040238315093564,0.5945970722808968,0.029960523134585637,-0.04009181520845506
0.8099353733795317,0.5865191309314288,0.029557709350876427,-0.04038970674733966
0.8157657601596398,0.5783824206795752,0.029151933900540272,-0.040683551259267925
0.8215144076480518,0.5701877568193396,0.02874323744206042,-0.04097331930117798
0.8271807398333726,0.5619359604516464,0.028331660926603774,-0.04125898183846621
0.8327641889521558,0.5536278584020662,0.02791724559391584,-0.041540510247901064
0.8382641955457937,0.545264283137969,0.02750003296818959,-0.041817876320485725
0.8436802085165754,0.5368460726851113,0.027080064853908792,-0.042091052264288664
0.8490116851829056,0.5283740705436659,0.026657383331650797,-0.04236001070722695
0.8542580913336814,0.5198491256037041,0.02623203075387881,-0.04262472469980905
0.85941890128182,0.5112720920601372,0.025804049740693058,-0.04288516771783435
0.8644935979169321,0.5026438293271267,0.025373483175560874,-0.043141313665052694
0.8694816727571366,0.4939652019519712,0.024940374201022353,-0.04339313687577756
0.8743826260000092,0.48523707952847966,0.024504766214362705,-0.04364061211745762
0.8791959665726632,0.47646033660983833,0.024066702863270173,-0.04388371459320667
0.8839212121809547,0.46763585262098095,0.02362622804145731,-0.044122419944286895
0.8885578893578074,0.4587645117704708,0.02318338588426394,-0.04435670425255084
0.8931055335106551,0.4498472029619036,0.02273822076423848,-0.04458654404283585
0.8975636889679922,0.44088481970484006,0.02229077728668538,-0.04481191628531778
0.9019319090250327,0.43187826002527613,0.021841100285202586,-0.04503279839781965
0.9062097559884696,0.42282842637566176,0.021389234817184577,-0.04524916824807185
0.9103968012203311,0.4137362255444754,0.020935226159307097,-0.045461004155931684
0.9144926251809302,0.40460256856536464,0.02047911980299577,-0.04566828489555391
0.918496817470903,0.3954283706258605,0.02002096144986365,-0.04587098969752068
0.9224089768723288,0.3862145509756767,0.019560797007129316,-0.04606909825091904
0.9262287113889339,0.37696203283460106,0.019098672583025555,-0.04626259070537819
0.9299556382853682,0.36767174329998953,0.018634634482171397,-0.046451447673057644
0.9335893841255551,0.35834461325387124,0.018168729200934708,-0.04663565023059146
0.9371295848101103,0.348981577269675,0.01770100342277592,-0.04681517992098122
0.9405758856128237,0.3395835735185853,0.017231504013566767,-0.04699001875544839
0.9439279412162028,0.3301515436755381,0.016760278016895724,-0.04716014921523598
0.947185415746074,0.3206864328248656,0.016287372649355647,-0.047325554253362656
0.9503479828052361,0.31118918936559903,0.0158128352958109,-0.04748621729633279
0.9534153255061659,0.30166076491644006,0.015336713504648936,-0.04764212224579484
0.9563871365027696,0.29210211422040855,0.014859054983018538,-0.04779325348015756
0.9592631180211793,0.2825141950491783,0.014379907592048102,-0.04793959585615126
0.9620429818895888,0.2728979681071085,0.0138993193420478,-0.04808113471034908
0.9647264495671294,0.26325439693498176,0.01341733838770287,-0.048217855860633596
0.9673132521717789,0.25358444781345807,0.012934013023247481,-0.048349745607618455
0.9698031305073036,0.24388908966625364,0.0124493916776236,-0.04847679073602215
0.9721958350892294,0.2341692939630555,0.011963522909628765,-0.04859897851599071
0.9744911261698403,0.22442603462218058,0.011476455403054975,-0.04871629670437458
0.9766887737622012,0.21466028791298988,0.01098823796180426,-0.04882873354595349
0.9787885576632016,0.20487303235806656,0.010498919505002036,-0.04893627777461662
0.9807902674756208,0.19506524863516855,0.010008549062096028,-0.04903891861449003
0.9826937026292091,0.18523791947896528,0.00951717576794131,-0.04913664578101634
0.9844986724007847,0.17539202958256805,0.009024848857878132,-0.049229449481986154
0.9862049959333445,0.16552856549886447,0.008531617662799196,-0.04931732041851794
0.9878125022541857,0.15564851554166617,0.008037531604205839,-0.049400249785991474
0.989321030292037,0.14575286968668053,0.007542640189256433,-0.04947822927492823
0.9907304288931978,0.13584261947231538,0.007046993005804247,-0.04955125107182573
0.9920405568366844,0.1259187579003277,0.006550639717432527,-0.04961930785993843
0.993251282848379,0.11598227933632503,0.00605363005847348,-0.04968239282001331
0.9943624856141849,0.10603417941013091,0.0055560138290294825,-0.04974049963097062
0.9953740537921808,0.09607545491602301,0.005057840889979293,-0.04979362247053948
0.9962858860237777,0.08610710371285508,0.004559161157984271,-0.049841756015839636
0.9970978909438748,0.07613012462407193,0.004060024600485712,-0.04988489544391579
0.9978099871900148,0.06614551733762788,0.0035604812306999634,-0.04992303643222021
0.9984221034105357,0.05615428230581857,0.0030605811026046537,-0.049956175159046566
0.9989341782717204,0.046157420645036175,0.002560374305923263,-0.049984308303911984
0.9993461604639423,0.03615593403545806,0.00205991096110969,-0.05000743304789057
0.999658008706807,0.026150824620678997,0.0015592412143233814,-0.05002554707389532
0.9998696917532874,0.016143094907296894,0.0010584152324022433,-0.05003864856691052
0.9999811883928561,0.006133747664462163,0.0005574831978433226,-0.050046736214173645
0.9999924874536094,-0.0038762141765991917,5.649530376627965e-05,-0.05004980920530678
0.9999035878033875,-0.013885787623078755,-0.0004444982511092599,-0.05004786723239782
0.9997144983498878,-0.02389396972108504,-0.000945447267498567,-0.050040910490031426
0.999425238039772,-0.03389975765613894,-0.001446301550578899,-0.05002893967526949
0.9990358358567683,-0.04390214885365516,-0.0019470109150188097,-0.050011955987581125
0.9985463308187662,-0.05390014107939974,-0.0024475251900102357,-0.0499899611287229
0.9979567719739082,-0.06389273253991327,-0.0029477942242900346,-0.04996295730256766
0.9972672183956746,-0.07387892198289019,-0.0034477678911681853,-0.04993094721488456
0.9964777391769638,-0.08385770879750358,-0.003947396093553768,-0.04989393407306697
0.9955884134231704,-0.09382809311466599,-0.004446628768967065,-0.04985192158581203
0.9945993302442578,-0.10378907590721566,-0.004945415894562766,-0.04980491396274836
0.9935105887458303,-0.11373965909001857,-0.005443707492137628,-0.04975291591401455
0.9923222980192021,-0.12367884561997602,-0.005941453633140914,-0.04969593264978728
0.9910345771304667,-0.13360563959592783,-0.006438604443677054,-0.04963396987975904
0.9896475551085667,-0.14351904635844104,-0.006935110109499987,-0.049567033812566025
0.9881613709323648,-0.15341807258947524,-0.007430920881009717,-0.049495131155170985
0.9865761735167184,-0.16330172641190885,-0.007925987078231667,-0.04941826911216807
0.9848921216975586,-0.17316901748893007,-0.008420259095799354,-0.049336455385106115
0.9831093842159745,-0.18301895712326458,-0.008913687407920423,-0.04924969817167252
0.9812281397013057,-0.1928505583562432,-0.009406222573343781,-0.04915800616489316
0.9792485766532438,-0.20266283606669486,-0.009897815240309527,-0.04906138855225825
0.9771708934229446,-0.21245480706965494,-0.010388416151496105,-0.048959855014800435
0.9749952981931534,-0.2222254902148802,-0.010877976148955804,-0.048853415726126254
0.9727220089573457,-0.23197390648515914,-0.011366446179038592,-0.04874208135139474
0.9703512534978839,-0.24169907909440932,-0.011853777297309298,-0.04862586304625091
0.9678832693631935,-0.25140003358555063,-0.01233992067345202,-0.04850477245570653
0.9653183038439612,-0.2610757979281454,-0.012824827596161215,-0.04837882171297381
0.9626566139483568,-0.2707254026157953,-0.013308449478022233,-0.048248023438249577
0.9598984663762802,-0.2803478807632855,-0.013790737860382984,-0.04811239073745088
0.9570441374926391,-0.28994226820346586,-0.014271644418205609,-0.04797193720090187
0.954093913299657,-0.2995076035838601,-0.01475112096491038,-0.04782667690197112
0.9510480894082158,-0.30904292846299264,-0.015229119457205731,-0.04767662439566278
0.9479069710082361,-0.3185472874064242,-0.01570559199989885,-0.04752179471715773
0.9446708728380971,-0.32801972808248553,-0.016180490850694618,-0.04736220338030672
0.9413401191531,-0.3374593013577007,-0.01665376842498567,-0.047197866376075814
0.9379150436929778,-0.3468650613918897,-0.01712537730061081,-0.04702880017094513
0.9343959896484549,-0.3562360657329412,-0.017595270222614534,-0.046855021705257405
0.9307833096268595,-0.36557137541124557,-0.018063400107977134,-0.046676548391521855
0.9270773656167921,-0.3748700550337793,-0.01852972005033704,-0.046493398112668616
0.9232785289518554,-0.3841311728778309,-0.018994183324683722,-0.04630558922025796
0.9193871802734458,-0.39335380098435874,-0.019456743392047837,-0.04611314053263926
0.9154037094926142,-0.4025370152509725,-0.019917353904158053,-0.04591607133306891
0.9113285157509965,-0.4116798955245274,-0.020375968708088443,-0.04571440136777433
0.9071620073808202,-0.420781525693323,-0.02083254185088146,-0.04550815084397808
0.9029046018639898,-0.42984099377889734,-0.02128702758415202,-0.0452973404278717
0.8985567257902548,-0.4388573920274066,-0.021739380368674954,-0.04508199124254625
0.8941188148144662,-0.4478298170005815,-0.02218955487894303,-0.04486212486587454
0.8895913136129238,-0.45675736966625147,-0.022637506007712194,-0.044637763328349844
0.8849746758388201,-0.4656391554884269,-0.023083188870518523,-0.04440892911087707
0.8802693640767841,-0.4744742845169315,-0.02352655881017962,-0.0441756451425232
0.8754758497965313,-0.4832618714765747,-0.023967571401264376,-0.04393793479821578
0.8705946133056218,-0.49200103585585553,-0.024406182454547176,-0.04369582189640425
0.8656261437013343,-0.50069090199519,-0.0248423480214377,-0.04344933069667212
0.8605709388216588,-0.5093305991746507,-0.025276024398377395,-0.04319848589730391
0.8554295051954133,-0.5179192617012138,-0.025707168131227642,-0.04294331263281548
0.8502023579914897,-0.5264560289954999,-0.02613573601961794,-0.04268383647143048
0.844890020967235,-0.5349400456780042,-0.02656168512127355,-0.04242008341252157
0.8394930264159699,-0.5433704616548047,-0.026984972756325387,-0.04215207988400249
0.8340119151136544,-0.5517464322027417,-0.027405556511577722,-0.04187985273968464
0.8284472362647014,-0.5600671180540578,-0.027823394244764765,-0.04160342925658089
0.8227995474469475,-0.5683316854804933,-0.02823844408876952,-0.041322837132177215
0.8170694145557836,-0.5765393063768237,-0.02865066445581932,-0.04103810448165213
0.8112574117474525,-0.584689158343837,-0.029060014041655813,-0.040749259835066165
0.8053641213815186,-0.5927804247707363,-0.02946645182966945,-0.04045633213449695
0.7993901339625163,-0.6008122949169651,-0.02986993709501118,-0.04015935073114374
0.7933360480807813,-0.6087839639934418,-0.030270429408675303,-0.03985834538238364
0.7872024703524724,-0.6166946332432,-0.03066788864154457,-0.0395533462487907
0.7809900153587884,-0.6245435100214232,-0.031062274968419734,-0.039244383891116064
0.7746993055843884,-0.6323298078748671,-0.03145354887200025,-0.0389314892672199
0.7683309713550182,-0.6400527466206627,-0.0318416711468511,-0.038614693728977745
0.7618856507743523,-0.647711552424489,-0.03222660290332913,-0.03829402901913137
0.7553639896600567,-0.6553054578781118,-0.0326083055714782,-0.03796952726811409
0.7487666414790775,-0.662833702076277,-0.03298674090489617,-0.03764122099082612
0.7420942672821643,-0.6702955306929531,-0.03336187098456567,-0.037309143083380514
0.7353475356376338,-0.6776901960569143,-0.03373365822265273,-0.03697332681980581
0.7285271225643783,-0.6850169572266567,-0.034102065366277134,-0.03663380584871201
0.7216337114641305,-0.6922750800646402,-0.03446705550123941,-0.03629061418991775
0.7146679930529857,-0.6994638373108488,-0.03482859205572397,-0.035943786231042996
0.7076306652921932,-0.7065825086556616,-0.03518663880396233,-0.03559335672406405
0.7005224333182207,-0.7136303808120272,-0.03554115986986239,-0.03523936078182799
0.6933440093721002,-0.7206067475869353,-0.0358921197306028,-0.03488183387454047
0.6860961127280613,-0.7275109099521762,-0.036239483220194546,-0.034520811826204145
0.6787794696214611,-0.7343421761143833,-0.03658321553300092,-0.03415633081103597
0.6713948131760149,-0.7410998615843508,-0.03692328222723085,-0.033788427349837336
0.6639428833303387,-0.7477832892456184,-0.0372596492283811,-0.03341713830633808
0.6564244267638064,-0.7543917894223188,-0.03759228283266136,-0.03304250088350169
0.6488401968217344,-0.7609246999462779,-0.03792114971035987,-0.032664552619795506
0.6411909534398954,-0.7673813662233647,-0.03824621690919516,-0.032283331385434266
0.6334774630683744,-0.773761141299081,-0.03856745185760513,-0.03189887537858149
0.62570049859477,-0.7800633859233853,-0.038884822368022154,-0.03151122312152144
0.6178608392667517,-0.786287468614746,-0.03919829664009111,-0.031120413456803275
0.6099592706139804,-0.7924327657234153,-0.03950784326385681,-0.03072648554334645
0.6019965843693973,-0.7984986614939182,-0.03981343122291536,-0.030329478852514913
0.5939735783898942,-0.8044845481267519,-0.040115029897515586,-0.029929433164168073
0.5858910565763678,-0.8103898258392855,-0.04041260906763211,-0.029526388562668426
0.577749828793169,-0.8162139029258592,-0.040706138915993506,-0.0291203854328681
0.5695507107869562,-0.8219561958170721,-0.040995590031064344,-0.028711464456064872
0.5612945241049564,-0.827616129138256,-0.04128093340999894,-0.028299666605919316
0.5529820960126477,-0.8331931357671274,-0.041562140461543495,-0.027885033144356974
0.5446142594108672,-0.8386866568906128,-0.04183918300890266,-0.027467605617427227
0.5361918527523549,-0.8440961420608418,-0.04211203329256119,-0.027047425851144946
0.5277157199577415,-0.8494210492503012,-0.04238066397306728,-0.026624535947296635
0.5191867103309872,-0.8546608449061461,-0.04264504813377146,-0.026198978279224905
0.510605678474283,-0.859815004003662,-0.04290515928352112,-0.0257707954875791
0.5019734842024189,-0.864883010098871,-0.043160971359320066,-0.025340030476045383
0.49329099245663205,-0.8698643553802805,-0.043412458728934455,-0.024906726407047386
0.484559073217939,-0.8747585407197646,-0.04365959619346521,-0.024470926697420237
0.47577860141996486,-0.8795650757225768,-0.043902358989870716,-0.024032675014061256
0.466950456861275,-0.8842834787764875,-0.04414072279344927,-0.023592015269553457
0.45807552411722,-0.888913277100041,-0.04437466372027493,-0.0231489916177674
0.44915469245130146,-0.893454006789928,-0.0446041583295928,-0.022703648449435287
0.4401888557260682,-0.8979052128674689,-0.044829183626166336,-0.022256030387704517
0.431178912313552,-0.9022664493242016,-0.04504971706258104,-0.02180618228366349
0.42212576500525106,-0.9065372791665721,-0.04526573654150462,-0.021354149211852413
0.41303032092167075,-0.9107172744597204,-0.04547722041790159,-0.020899976465741377
0.4038934914214305,-0.9148060163703597,-0.045684147501201255,-0.020443709553196743
0.3947161920099465,-0.9188030952087434,-0.04588649705741993,-0.019985394191918138
0.3854993422476983,-0.9227081104697151,-0.04608424881124118,-0.01952507630485878
0.3762438656580892,-0.9265206708728401,-0.04627738294804534,-0.019062802015624714
0.3669506896349101,-0.9302403944016105,-0.04646588011589542,-0.0185986176438524
0.3576207453494149,-0.9338669083417235,-0.04664972142747609,-0.01813256970056465
0.3482549676570176,-0.937399849318427,-0.04682888846198663,-0.01766470488351768
0.3388542950036203,-0.9408388633329299,-0.0470033632669864,-0.017195070072514307
0.3294196693315817,-0.944183605797872,-0.047173128360193106,-0.016723712324710482
0.31995203598533445,-0.9474337415718522,-0.04733816673123614,-0.01625067886990128
0.3104523436166627,-0.9505889449930088,-0.04749846184335882,-0.015776017105783025
0.3009215440896474,-0.9536488999116511,-0.047653997635076495,-0.015299774593211524
0.29136059238529005,-0.9566132997219372,-0.04780475852178667,-0.014821999051430335
0.2817704465058241,-0.9594818473925958,-0.047950729397329694,-0.014342738353292916
0.27215206737872377,-0.9622542554966886,-0.0480918956355017,-0.013862040520464247
0.26250641876041964,-0.9649302462404105,-0.048228243091520684,-0.013379953718609117
0.2528344671397304,-0.9675095514909239,-0.04835975810344617,-0.012896526252567098
0.24313718164102177,-0.9699919128032258,-0.04848642749354315,-0.012411806561509753
0.2334155339271003,-0.9723770814460441,-0.04860823856960739,-0.01192584321409118
0.22367049810185347,-0.9746648184267599,-0.04872517912623414,-0.011438684903579133
0.21390305061264503,-0.9768548945153545,-0.04883723744604218,-0.010950380442972807
0.20411417015247532,-0.9789470902673783,-0.04894440230084854,-0.010460978760118977
0.19430483756191702,-0.9809411960459389,-0.0490466629527915,-0.009970528892803143
0.18447603573083518,-0.9828370120427067,-0.0491440091554092,-0.009479079983839012
0.17462874949990242,-0.9846343482979356,-0.04923643115466378,-0.008986681276144659
0.16476396556191822,-0.9863330247194966,-0.04932391968992103,-0.008493382107804814
0.15488267236294298,-0.9879328711009232,-0.04940646599487619,-0.007999231907133142
0.14498586000325614,-0.9894337271384659,-0.049484061798434203,-0.00750428018771343
0.1350745201381488,-0.9908354424471547,-0.04955669932553669,-0.007008576543444112
0.12514964587856028,-0.9921378765758674,-0.04962437129794259,-0.006512170643563353
0.11521223169156894,-0.9933408990214025,-0.04968707093495672,-0.006015112227675812
0.10526327330074717,-0.9944443892415564,-0.04974479195410886,-0.005517451100769399
0.09530376758639038,-0.9954482366672007,-0.04979752857178395,-0.005019237128221499
0.08533471248563014,-0.9963523407133618,-0.04984527550380119,-0.004520520230805181
0.07535710689244143,-0.9971566107892988,-0.049888027965943535,-0.004021350379685429
0.065371950557554,-0.9978609663075817,-0.04992578167443716,-0.0035217775914142546
0.055380243988277816,-0.9984653366921652,-0.049958532846380924,-0.0030218519229174845
0.04538298834825287,-0.9989696613854608,-0.04998627820012473,-0.0025216234664782178
0.03538118535713305,-0.9993738898544049,-0.05000901495559911,-0.0020211423447202836
0.025375837190214367,-0.9996779815955215,-0.05002674083459341,-0.0015204587055828167
0.015367946378017567,-0.9998819061389812,-0.050039454060984,-0.0010196227172987182
0.005358515705835088,-0.9999856430516542,-0.050047153360912394,-0.0005186845633647907
-0.004651451886747496,-0.9999891819391574,-0.050049837962912916,-1.76944375163135e-05
-0.01466095340634547,-0.9998925224468963,-0.05004750759798987,0.0004832974613055985
-0.024668985906274383,-0.9996956742601001,-0.05004016249964456,0.0009842409339810843
-0.03467454658704477,-0.9993986571028515,-0.05002780340385192,0.0014850857862430678
-0.04467663289684211,-0.9990015007361104,-0.050010431548986704,0.001985781833705458
-0.054674242631982,-0.9985042449547319,-0.049988048675699455,0.0024862789068924585
-0.06466637403733042,-0.9979069395834784,-0.04996065702674208,0.002986526856267324
-0.07465202590667903,-0.997209644472028,-0.049928259346743095,0.0034864755572522332
-0.08463019768306558,-0.9964124294889768,-0.04989085888193273,0.003986074915255933
-0.09459988955902907,-0.9955153745148386,-0.049848459379817425,0.004485274870690836
-0.10456010257678999,-0.9945185694340408,-0.049801065088804636,0.004984025403989012
-0.11450983872834533,-0.993422114125918,-0.04974868075777669,0.005482276540614284
-0.1244481010554685,-0.9922261184547038,-0.049691311635615826,0.005979978356071003
-0.13437389374960387,-0.9909307022585233,-0.049628963470676885,0.006477080980902272
-0.1442862222516465,-0.9895359953373846,-0.04956164251021314,0.006973534605693721
-0.1541840933515961,-0.9880421374401733,-0.04948935549974803,0.007469289486056185
-0.16406651528807645,-0.9864492782506495,-0.0494121096824017,0.007964295947618938
-0.17393249784770917,-0.9847575773724498,-0.04932991279816362,0.00845850439099849
-0.18378105246433263,-0.9829672043130951,-0.04924277308311728,0.008951865296773498
-0.19361119231805574,-0.9810783384670059,-0.04915069926861554,0.009444329230446358
-0.20342193243413678,-0.9790911690975266,-0.04905370058040523,0.009935846847396457
-0.21321228978167736,-0.9770058953179628,-0.048951786737702896,0.010426368897819005
-0.22298128337212153,-0.9748227260716287,-0.04884496795222085,0.010915846231670523
-0.23272793435755038,-0.9725418801109121,-0.048733254927144226,0.011404229803582688
-0.24245126612876203,-0.9701635859753551,-0.04861665885605826,0.011891470677785065
-0.2521503044131273,-0.9676880819687547,-0.04849519142182637,0.012377520033002298
-0.2618240773722115,-0.9651156161352847,-0.04836886479542085,0.01286232916734964
-0.2714716156991518,-0.9624464462346423,-0.048237691634701596,0.013345849503212381
-0.28109195271578163,-0.9596808397162199,-0.048101685083149215,0.01382803259211196
-0.290684124469491,-0.9568190736923076,-0.04796085876854678,0.014308830119561522
-0.30024716982981414,-0.9538614349103264,-0.04781522680161576,0.014788193909905933
-0.30978013058473447,-0.950808219724096,-0.04766480377460164,0.015266075931151812
-0.31928205153669653,-0.947659734064141,-0.04750960475981031,0.015742428299775346
-0.32875198059831656,-0.9444162934070357,-0.04734964530810015,0.016217203285526227
-0.338188968887781,-0.9410782227437948,-0.04718494144732216,0.016690353316204387
-0.34759207082392407,-0.9376458565473087,-0.047015509680715384,0.017161830982430626
-0.35696034422097433,-0.9341195387388295,-0.04684136698525132,0.017631589042396145
-0.36629285038296144,-0.9304996226535105,-0.04666253080993554,0.018099580426594875
-0.3755886541977727,-0.9267864710050022,-0.04647901907405633,0.018565758242541364
-0.38484682423085087,-0.9229804558491087,-0.04629085016539081,0.01903007577946758
-0.3940664328185236,-0.9190819585465074,-0.04609804293836367,0.01949248651300639
-0.4032465561609546,-0.9150913697245374,-0.04590061671215506,0.019952944109850046
-0.412386274414708,-0.9110090892380587,-0.04569859126876685,0.0204114024323937
-0.42148467178491617,-0.9068355261293867,-0.04549198685104089,0.020867815543360035
-0.43054083661704173,-0.9025710985873068,-0.04528082416062784,0.02132213771039948
-0.4395538614882252,-0.8982162339051717,-0.0450651243559172,0.021774323410675422
-0.44852284329820785,-0.8937713684380874,-0.044844909049913395,0.02222432733542168
-0.4574468833598221,-0.8892369475591898,-0.04462020030807118,0.022672104394487747
-0.46632508748903956,-0.8846134256150194,-0.044391020646087354,0.02311760972085186
-0.4751565660945675,-0.8799012658799957,-0.044157393027639824,0.02356079867511851
-0.4839404342669859,-0.8751009405099969,-0.04391934086209193,0.024001626849994295
-0.49267581186741427,-0.8702129304950509,-0.04367688800214181,0.024440050074729935
-0.5013618236157016,-0.8652377256111399,-0.04343005874143657,0.024876024419555054
-0.5099975991781288,-0.860175824371125,-0.04317887781213614,0.025309506200074106
-0.5185822732546157,-0.8550277339747964,-0.042923370382434434,0.02574045198164343
-0.5271149856654235,-0.8497939702580505,-0.04266356205403887,0.026168818583729436
-0.5355948814373445,-0.8444750576412052,-0.04239947885960493,0.026594563084226253
-0.5440211108893698,-0.8390715290764524,-0.04213114726012657,0.027017642823763954
